Epocas,FID (menos es mejor: 26.509),IS (mayor es mejor: 2.317), GANs
120,74.84914237809934,1.9729836,2
120,79.14643196337306,1.9505844,1
100,75.37027617396404,1.9228404, 2
100,80.83894088450029,1.9163504, 1
80,87.0126949854733,1.8923872, 2
80,95.97532564247345,1.880757, 1
