Epocas,FID (menos es mejor: 26.509),IS (mayor es mejor: 2.317), GANs
100,97.2036736261917,1.8464205, 1
80,110.92335288353429,1.7686269, 1
100,87.541600223962,1.902977, 2
80,99.78119165432345,1.8412174, 2
