Componente,FID,IS
nose,45.46576184748331,1.3113163
left_eye,57.5906243106101,1.5868502
right_eye,52.71849209895683,1.5348774
mouth,60.99783968215659,1.4581366
background,69.84854777245874,2.0235229
